{"c":[9.4731,9.427814638447972,9.426416139585605,9.434687050359713,9.424578386763185,9.4115,9.4444,9.446260479041916,9.416682051282052,9.429759414225941,9.4108,9.416894777562863,9.42360447761194,9.4332,9.4299,9.438674962518741,9.419369312169312,9.43976645056726,9.4209,9.4308,9.4231,9.410944798041616,9.421,9.4103,9.4103,9.4121,9.427471251292658,9.430357772337821,9.41928994197292,9.4172,9.4375604719764,9.4312,9.419549253731343,9.420080575539568,9.423417691154423,9.421250264550265,9.4267,9.424949769585254,9.4236,9.4185,9.40990322580645,9.416318800648298,9.42144406779661,9.425551464435147,9.4322,9.4188,9.4301,9.431,9.411377061469265,9.4213,9.438315203426125,9.438279902755268,9.43883522355507,9.44,9.4408,9.4272,9.441388359788359,9.432401673640168,9.4187,9.43182050209205,9.433434562211982,9.429,9.412750795593634,9.4207,9.442,9.419,9.425809886547812,9.410945034414945,9.4094,9.40930278372591,9.4222,9.4337,9.420519057815845,9.434312698412699,9.4298,9.4396,9.437171948608137,9.4263,9.435234782608696,9.443131230283912,9.4092,9.4092,9.40917723378213,9.4182,9.4107,9.43,9.432696551724138,9.434135128518973,9.437436842105264,9.429002179836512,9.437561538461539,9.4095,9.4234,9.4438,9.421054671280277,9.42831014176663,9.427652733686067,9.4187,9.4147,9.418795092693566,9.443995501730104,9.4183500967118,9.4445,9.4216,9.409,9.412,9.4146,9.4456,9.4168,9.4459,9.4346,9.4089,9.4139,9.4258,9.408711270983213,9.421732739059967,9.416264668769717,9.418272285251216,9.438428882833788,9.4427,9.4372,9.444,9.4424,9.4213,9.4111,9.410683557394002,9.4238,9.412217600786628,9.43543312302839,9.415435983263599,9.4282,9.411],"h":[9.4731,9.476992189679219,9.4435,9.434687050359713,9.444090196078431,9.4122,9.4444,9.446260479041916,9.447367197062423,9.429759414225941,9.441492723697149,9.420097122302158,9.42360447761194,9.4342,9.434785774058577,9.438674962518741,9.4405,9.43976645056726,9.441514341590613,9.442267372134038,9.44537797311272,9.4394,9.446747619047619,9.4224,9.418826618705037,9.4205,9.427471251292658,9.430357772337821,9.42910276816609,9.4346,9.4375604719764,9.4379,9.4393,9.420080575539568,9.4298,9.43638253968254,9.437788888888889,9.4393,9.4386,9.430456671664167,9.433137377963737,9.416318800648298,9.42144406779661,9.425551464435147,9.432291752577319,9.435639040348963,9.436567243367936,9.437270658682635,9.426425867507886,9.421666485013624,9.438315203426125,9.439,9.4405,9.4407,9.4408,9.44144705882353,9.441388359788359,9.441,9.4415,9.433367405475881,9.4364,9.436999027552675,9.424386227544911,9.44176331569665,9.442,9.442105982905982,9.425809886547812,9.433537582005624,9.4124,9.4192,9.4222,9.4337,9.4354179916318,9.434312698412699,9.437431160365058,9.4396,9.4406,9.4426,9.435234782608696,9.443131230283912,9.4417,9.4126,9.421986610878662,9.4227,9.4255,9.43,9.432696551724138,9.434135128518973,9.437436842105264,9.440545056726094,9.441141013824884,9.443011218568666,9.4286,9.4438,9.4439,9.4442,9.4442,9.440906852248395,9.44240168697282,9.4356,9.443995501730104,9.4445,9.4445,9.4448,9.4448,9.444433914940022,9.4453,9.4456,9.4354,9.4459,9.446153233364573,9.445874185136898,9.4157826608506,9.4258,9.4271,9.432219101123595,9.436315087040619,9.430196074154853,9.438428882833788,9.4427,9.44279304556355,9.444,9.4455,9.4455,9.4438,9.4122,9.4238,9.433,9.43543312302839,9.440598876404495,9.4423,9.4428],"l":[9.4731,9.427814638447972,9.426416139585605,9.4231,9.4175,9.4115,9.412089589905364,9.4257,9.416682051282052,9.4109,9.4108,9.4108,9.4107,9.4239,9.42165493230174,9.41796862745098,9.4109,9.410710548086866,9.415153731343283,9.4131,9.4149,9.410944798041616,9.410515520282187,9.4103,9.4103,9.410256092843326,9.410927371864776,9.4102,9.41016610878661,9.4101,9.413861426256078,9.418063406940064,9.4101,9.41,9.4114,9.4162,9.41010094637224,9.4108,9.4128,9.41,9.40990322580645,9.4098,9.4098,9.4098,9.4154,9.41251746031746,9.41459182561308,9.4097,9.4097,9.4097,9.4147,9.417171428571429,9.416961619190404,9.4205,9.4204930186824,9.41482264381885,9.411932613908872,9.410659651035987,9.4096,9.4096,9.41166294277929,9.416,9.411557033805888,9.4096,9.4134,9.4096,9.409520276497696,9.41069922630561,9.4094,9.40930278372591,9.418847327249022,9.411531771321462,9.413,9.4093,9.4121,9.4174,9.428041468459153,9.4204,9.416811015911872,9.414147052740434,9.4092,9.4092,9.40917723378213,9.4091,9.4091,9.4091,9.4091,9.409618375241779,9.409,9.4186,9.413598941798941,9.4095,9.409,9.409,9.4112,9.4183,9.4134,9.4177,9.4147,9.413849206349207,9.410402510460251,9.41445653104925,9.4127,9.4162,9.409,9.40898886509636,9.4092,9.422794415718718,9.416047305389222,9.4239,9.4346,9.4089,9.4088,9.4088,9.408711270983213,9.4087,9.408674740484429,9.4086,9.4108,9.4319,9.4238,9.4086,9.4108,9.4213,9.4086,9.408545905420992,9.413796610169491,9.412217600786628,9.4268,9.415435983263599,9.4085,9.410089465153971],"nextTime":0,"o":[9.4731,9.4672,9.4435,9.4231,9.4389,9.4117,9.412089589905364,9.4309,9.4314,9.4205,9.43,9.4115,9.421222294654498,9.4239,9.4261,9.42993133640553,9.4389,9.410710548086866,9.4214,9.441760141093475,9.4308,9.425465122615805,9.415,9.422198473282442,9.416,9.41468650519031,9.412254294975689,9.4275,9.4172,9.4101,9.4149,9.4291,9.42936621253406,9.411159730722154,9.4208,9.43,9.434171566731141,9.4385,9.425806852248394,9.4112,9.4185,9.4105,9.42018548895899,9.423315417558886,9.4205,9.432656928838952,9.424621799307959,9.4216,9.426425867507886,9.4155,9.4147,9.438572486772486,9.438885089141005,9.434097883597884,9.422313857677903,9.438376401564538,9.424524100327154,9.4322,9.441282771535581,9.4147,9.4321,9.4362,9.424386227544911,9.4117,9.4348,9.4378,9.419472479564032,9.4264,9.4124,9.414297489539749,9.4202,9.4222,9.426376311844077,9.414,9.4121,9.42832843326886,9.4396,9.440638461538462,9.4228,9.4147,9.4417,9.4103,9.413642728635683,9.416005578800558,9.421316688396349,9.41659160671463,9.430573033707866,9.432840842787682,9.428,9.437570143415906,9.439046839546192,9.441392814371257,9.416900230680508,9.4209,9.443838523644752,9.4272,9.435,9.432525918762089,9.422377419354838,9.430219346049046,9.42539411123228,9.444382973621103,9.421,9.416732958801498,9.4216,9.40898886509636,9.4092,9.434728024819028,9.428242549203373,9.428621348314607,9.4459,9.4436,9.4089,9.416875432525952,9.424761315280465,9.4181,9.432359061277705,9.4275,9.411,9.4386,9.439251603905161,9.427,9.444,9.443920318237454,9.43254152249135,9.4086,9.413796610169491,9.4238,9.433,9.436112359550561,9.4402,9.4234],"s":"ok","t":[1684907981,1684907982,1684907983,1684907984,1684907985,1684907986,1684907987,1684907988,1684907989,1684907990,1684907991,1684907992,1684907993,1684907994,1684907995,1684907996,1684907997,1684907998,1684907999,1684908000,1684908001,1684908002,1684908003,1684908004,1684908005,1684908006,1684908007,1684908008,1684908009,1684908010,1684908011,1684908012,1684908013,1684908014,1684908015,1684908016,1684908017,1684908018,1684908019,1684908020,1684908021,1684908022,1684908023,1684908024,1684908025,1684908026,1684908027,1684908028,1684908029,1684908030,1684908031,1684908032,1684908033,1684908034,1684908035,1684908036,1684908037,1684908038,1684908039,1684908040,1684908041,1684908042,1684908043,1684908044,1684908045,1684908046,1684908047,1684908048,1684908049,1684908050,1684908051,1684908052,1684908053,1684908054,1684908055,1684908056,1684908057,1684908058,1684908059,1684908060,1684908061,1684908062,1684908063,1684908064,1684908065,1684908066,1684908067,1684908068,1684908069,1684908070,1684908071,1684908072,1684908073,1684908074,1684908075,1684908076,1684908077,1684908078,1684908079,1684908080,1684908081,1684908082,1684908083,1684908084,1684908085,1684908086,1684908087,1684908088,1684908089,1684908090,1684908091,1684908092,1684908093,1684908094,1684908095,1684908096,1684908097,1684908098,1684908099,1684908100,1684908101,1684908102,1684908103,1684908104,1684908105,1684908106,1684908107,1684908108,1684908109,1684908110,1684908111,1684908112],